medical_condition,medication,test_results,condition_category,condition_id
Cancer                                                                                                                                                                                                  ,Lipitor                                                                                                                                                                                                 ,Inconclusive                                      ,Chronic                                           ,1
Diabetes                                                                                                                                                                                                ,Aspirin                                                                                                                                                                                                 ,Inconclusive                                      ,Chronic                                           ,2
Asthma                                                                                                                                                                                                  ,Aspirin                                                                                                                                                                                                 ,Inconclusive                                      ,Chronic                                           ,3
Hypertension                                                                                                                                                                                            ,Paracetamol                                                                                                                                                                                             ,Abnormal                                          ,Metabolic                                         ,4
Cancer                                                                                                                                                                                                  ,Paracetamol                                                                                                                                                                                             ,Inconclusive                                      ,Chronic                                           ,5
Cancer                                                                                                                                                                                                  ,Aspirin                                                                                                                                                                                                 ,Inconclusive                                      ,Chronic                                           ,6
Asthma                                                                                                                                                                                                  ,Lipitor                                                                                                                                                                                                 ,Normal                                            ,Chronic                                           ,7
Obesity                                                                                                                                                                                                 ,Ibuprofen                                                                                                                                                                                               ,Normal                                            ,Metabolic                                         ,8
Hypertension                                                                                                                                                                                            ,Aspirin                                                                                                                                                                                                 ,Inconclusive                                      ,Metabolic                                         ,9
Asthma                                                                                                                                                                                                  ,Aspirin                                                                                                                                                                                                 ,Normal                                            ,Chronic                                           ,10
Arthritis                                                                                                                                                                                               ,Penicillin                                                                                                                                                                                              ,Abnormal                                          ,Chronic                                           ,11
Arthritis                                                                                                                                                                                               ,Lipitor                                                                                                                                                                                                 ,Inconclusive                                      ,Chronic                                           ,12
Asthma                                                                                                                                                                                                  ,Penicillin                                                                                                                                                                                              ,Abnormal                                          ,Chronic                                           ,13
Arthritis                                                                                                                                                                                               ,Ibuprofen                                                                                                                                                                                               ,Normal                                            ,Chronic                                           ,14
Cancer                                                                                                                                                                                                  ,Aspirin                                                                                                                                                                                                 ,Normal                                            ,Chronic                                           ,15
Obesity                                                                                                                                                                                                 ,Paracetamol                                                                                                                                                                                             ,Normal                                            ,Metabolic                                         ,16
Obesity                                                                                                                                                                                                 ,Ibuprofen                                                                                                                                                                                               ,Abnormal                                          ,Metabolic                                         ,17
Diabetes                                                                                                                                                                                                ,Ibuprofen                                                                                                                                                                                               ,Abnormal                                          ,Chronic                                           ,18
Obesity                                                                                                                                                                                                 ,Paracetamol                                                                                                                                                                                             ,Inconclusive                                      ,Metabolic                                         ,19
Asthma                                                                                                                                                                                                  ,Paracetamol                                                                                                                                                                                             ,Abnormal                                          ,Chronic                                           ,20
Obesity                                                                                                                                                                                                 ,Penicillin                                                                                                                                                                                              ,Normal                                            ,Metabolic                                         ,21
Diabetes                                                                                                                                                                                                ,Ibuprofen                                                                                                                                                                                               ,Inconclusive                                      ,Chronic                                           ,22
Arthritis                                                                                                                                                                                               ,Lipitor                                                                                                                                                                                                 ,Normal                                            ,Chronic                                           ,23
Arthritis                                                                                                                                                                                               ,Ibuprofen                                                                                                                                                                                               ,Inconclusive                                      ,Chronic                                           ,24
Arthritis                                                                                                                                                                                               ,Paracetamol                                                                                                                                                                                             ,Inconclusive                                      ,Chronic                                           ,25
Asthma                                                                                                                                                                                                  ,Ibuprofen                                                                                                                                                                                               ,Abnormal                                          ,Chronic                                           ,26
Obesity                                                                                                                                                                                                 ,Aspirin                                                                                                                                                                                                 ,Inconclusive                                      ,Metabolic                                         ,27
Diabetes                                                                                                                                                                                                ,Penicillin                                                                                                                                                                                              ,Abnormal                                          ,Chronic                                           ,28
Hypertension                                                                                                                                                                                            ,Paracetamol                                                                                                                                                                                             ,Normal                                            ,Metabolic                                         ,29
Hypertension                                                                                                                                                                                            ,Aspirin                                                                                                                                                                                                 ,Abnormal                                          ,Metabolic                                         ,30
Cancer                                                                                                                                                                                                  ,Penicillin                                                                                                                                                                                              ,Normal                                            ,Chronic                                           ,31
Obesity                                                                                                                                                                                                 ,Ibuprofen                                                                                                                                                                                               ,Inconclusive                                      ,Metabolic                                         ,32
Arthritis                                                                                                                                                                                               ,Paracetamol                                                                                                                                                                                             ,Normal                                            ,Chronic                                           ,33
Hypertension                                                                                                                                                                                            ,Ibuprofen                                                                                                                                                                                               ,Abnormal                                          ,Metabolic                                         ,34
Asthma                                                                                                                                                                                                  ,Lipitor                                                                                                                                                                                                 ,Abnormal                                          ,Chronic                                           ,35
Hypertension                                                                                                                                                                                            ,Ibuprofen                                                                                                                                                                                               ,Normal                                            ,Metabolic                                         ,36
Asthma                                                                                                                                                                                                  ,Lipitor                                                                                                                                                                                                 ,Inconclusive                                      ,Chronic                                           ,37
Hypertension                                                                                                                                                                                            ,Lipitor                                                                                                                                                                                                 ,Abnormal                                          ,Metabolic                                         ,38
Cancer                                                                                                                                                                                                  ,Paracetamol                                                                                                                                                                                             ,Abnormal                                          ,Chronic                                           ,39
Asthma                                                                                                                                                                                                  ,Paracetamol                                                                                                                                                                                             ,Inconclusive                                      ,Chronic                                           ,40
Cancer                                                                                                                                                                                                  ,Aspirin                                                                                                                                                                                                 ,Abnormal                                          ,Chronic                                           ,41
Asthma                                                                                                                                                                                                  ,Ibuprofen                                                                                                                                                                                               ,Inconclusive                                      ,Chronic                                           ,42
Diabetes                                                                                                                                                                                                ,Lipitor                                                                                                                                                                                                 ,Abnormal                                          ,Chronic                                           ,43
Diabetes                                                                                                                                                                                                ,Lipitor                                                                                                                                                                                                 ,Normal                                            ,Chronic                                           ,44
Arthritis                                                                                                                                                                                               ,Aspirin                                                                                                                                                                                                 ,Abnormal                                          ,Chronic                                           ,45
Obesity                                                                                                                                                                                                 ,Aspirin                                                                                                                                                                                                 ,Abnormal                                          ,Metabolic                                         ,46
Hypertension                                                                                                                                                                                            ,Lipitor                                                                                                                                                                                                 ,Inconclusive                                      ,Metabolic                                         ,47
Arthritis                                                                                                                                                                                               ,Aspirin                                                                                                                                                                                                 ,Normal                                            ,Chronic                                           ,48
Diabetes                                                                                                                                                                                                ,Aspirin                                                                                                                                                                                                 ,Normal                                            ,Chronic                                           ,49
Arthritis                                                                                                                                                                                               ,Penicillin                                                                                                                                                                                              ,Inconclusive                                      ,Chronic                                           ,50
Hypertension                                                                                                                                                                                            ,Penicillin                                                                                                                                                                                              ,Inconclusive                                      ,Metabolic                                         ,51
Hypertension                                                                                                                                                                                            ,Ibuprofen                                                                                                                                                                                               ,Inconclusive                                      ,Metabolic                                         ,52
Arthritis                                                                                                                                                                                               ,Aspirin                                                                                                                                                                                                 ,Inconclusive                                      ,Chronic                                           ,53
Obesity                                                                                                                                                                                                 ,Lipitor                                                                                                                                                                                                 ,Abnormal                                          ,Metabolic                                         ,54
Hypertension                                                                                                                                                                                            ,Lipitor                                                                                                                                                                                                 ,Normal                                            ,Metabolic                                         ,55
Asthma                                                                                                                                                                                                  ,Ibuprofen                                                                                                                                                                                               ,Normal                                            ,Chronic                                           ,56
Cancer                                                                                                                                                                                                  ,Penicillin                                                                                                                                                                                              ,Inconclusive                                      ,Chronic                                           ,57
Cancer                                                                                                                                                                                                  ,Lipitor                                                                                                                                                                                                 ,Normal                                            ,Chronic                                           ,58
Cancer                                                                                                                                                                                                  ,Ibuprofen                                                                                                                                                                                               ,Inconclusive                                      ,Chronic                                           ,59
Diabetes                                                                                                                                                                                                ,Aspirin                                                                                                                                                                                                 ,Abnormal                                          ,Chronic                                           ,60
Obesity                                                                                                                                                                                                 ,Penicillin                                                                                                                                                                                              ,Abnormal                                          ,Metabolic                                         ,61
Diabetes                                                                                                                                                                                                ,Ibuprofen                                                                                                                                                                                               ,Normal                                            ,Chronic                                           ,62
Obesity                                                                                                                                                                                                 ,Paracetamol                                                                                                                                                                                             ,Abnormal                                          ,Metabolic                                         ,63
Asthma                                                                                                                                                                                                  ,Penicillin                                                                                                                                                                                              ,Normal                                            ,Chronic                                           ,64
Hypertension                                                                                                                                                                                            ,Penicillin                                                                                                                                                                                              ,Normal                                            ,Metabolic                                         ,65
Hypertension                                                                                                                                                                                            ,Aspirin                                                                                                                                                                                                 ,Normal                                            ,Metabolic                                         ,66
Obesity                                                                                                                                                                                                 ,Lipitor                                                                                                                                                                                                 ,Inconclusive                                      ,Metabolic                                         ,67
Asthma                                                                                                                                                                                                  ,Paracetamol                                                                                                                                                                                             ,Normal                                            ,Chronic                                           ,68
Asthma                                                                                                                                                                                                  ,Aspirin                                                                                                                                                                                                 ,Abnormal                                          ,Chronic                                           ,69
Arthritis                                                                                                                                                                                               ,Penicillin                                                                                                                                                                                              ,Normal                                            ,Chronic                                           ,70
Obesity                                                                                                                                                                                                 ,Aspirin                                                                                                                                                                                                 ,Normal                                            ,Metabolic                                         ,71
Cancer                                                                                                                                                                                                  ,Penicillin                                                                                                                                                                                              ,Abnormal                                          ,Chronic                                           ,72
Cancer                                                                                                                                                                                                  ,Lipitor                                                                                                                                                                                                 ,Abnormal                                          ,Chronic                                           ,73
Diabetes                                                                                                                                                                                                ,Paracetamol                                                                                                                                                                                             ,Abnormal                                          ,Chronic                                           ,74
Diabetes                                                                                                                                                                                                ,Paracetamol                                                                                                                                                                                             ,Inconclusive                                      ,Chronic                                           ,75
Cancer                                                                                                                                                                                                  ,Paracetamol                                                                                                                                                                                             ,Normal                                            ,Chronic                                           ,76
Arthritis                                                                                                                                                                                               ,Ibuprofen                                                                                                                                                                                               ,Abnormal                                          ,Chronic                                           ,77
Arthritis                                                                                                                                                                                               ,Lipitor                                                                                                                                                                                                 ,Abnormal                                          ,Chronic                                           ,78
Obesity                                                                                                                                                                                                 ,Penicillin                                                                                                                                                                                              ,Inconclusive                                      ,Metabolic                                         ,79
Asthma                                                                                                                                                                                                  ,Penicillin                                                                                                                                                                                              ,Inconclusive                                      ,Chronic                                           ,80
Hypertension                                                                                                                                                                                            ,Penicillin                                                                                                                                                                                              ,Abnormal                                          ,Metabolic                                         ,81
Diabetes                                                                                                                                                                                                ,Paracetamol                                                                                                                                                                                             ,Normal                                            ,Chronic                                           ,82
Hypertension                                                                                                                                                                                            ,Paracetamol                                                                                                                                                                                             ,Inconclusive                                      ,Metabolic                                         ,83
Cancer                                                                                                                                                                                                  ,Ibuprofen                                                                                                                                                                                               ,Normal                                            ,Chronic                                           ,84
Arthritis                                                                                                                                                                                               ,Paracetamol                                                                                                                                                                                             ,Abnormal                                          ,Chronic                                           ,85
Cancer                                                                                                                                                                                                  ,Ibuprofen                                                                                                                                                                                               ,Abnormal                                          ,Chronic                                           ,86
Diabetes                                                                                                                                                                                                ,Penicillin                                                                                                                                                                                              ,Normal                                            ,Chronic                                           ,87
Diabetes                                                                                                                                                                                                ,Lipitor                                                                                                                                                                                                 ,Inconclusive                                      ,Chronic                                           ,88
Diabetes                                                                                                                                                                                                ,Penicillin                                                                                                                                                                                              ,Inconclusive                                      ,Chronic                                           ,89
Obesity                                                                                                                                                                                                 ,Lipitor                                                                                                                                                                                                 ,Normal                                            ,Metabolic                                         ,90
