patient_name,age,gender,blood_type,medical_condition,date_of_admission,doctor,hospital,insurance_provider,billing_amount,room_number,admission_type,discharge_date,medication,test_results,gender_valid,blood_type_valid,admission_type_valid,test_result_valid
Aaron Flowers       ,42,Male  ,A+ ,Asthma      ,2020-06-03,Ronald Patton      ,"Brown, Santos And Howard      ",Medicare        ,-378.6964107778904,115,Elective ,2020-06-17,Paracetamol,Inconclusive,Male   ,A+     ,Elective ,Inconclusive
Alan Scott          ,48,Female,A- ,Asthma      ,2019-10-23,Jacob Kirby        ,Lopez-Hughes                  ,Medicare        ,-857.1259327108069,309,Urgent   ,2019-11-18,Paracetamol,Abnormal    ,Female ,A-     ,Urgent   ,Abnormal    
Alexander Martin    ,46,Male  ,A+ ,Hypertension,2021-09-24,Tracy Smith        ,"Carter, And Nguyen Snow       ",Unitedhealthcare,-38.96615157405654,401,Emergency,2021-09-26,Lipitor    ,Inconclusive,Male   ,A+     ,Emergency,Inconclusive
Alexandra Khan      ,32,Male  ,AB+,Arthritis   ,2022-07-14,Michael Vaughn     ,"Bowen Lopez, And Terry        ",Aetna           ,-692.4088201275929,372,Elective ,2022-07-19,Lipitor    ,Abnormal    ,Male   ,AB+    ,Elective ,Abnormal    
Amanda Morgan       ,35,Female,AB+,Hypertension,2020-09-27,Gregory Figueroa   ,Petersen-Hernandez            ,Medicare        ,-652.181369378297,144,Elective ,2020-10-20,Penicillin ,Abnormal    ,Female ,AB+    ,Elective ,Abnormal    
Angela Allen        ,83,Female,B- ,Diabetes    ,2019-08-21,Robert Kennedy     ,"Brown And Randolph, Young     ",Cigna           ,-43.09852158891363,189,Urgent   ,2019-08-24,Penicillin ,Abnormal    ,Female ,B-     ,Urgent   ,Abnormal    
Anthony Miller      ,50,Female,O+ ,Arthritis   ,2020-01-17,Jill Raymond       ,"Pitts, Hernandez And Wilson   ",Cigna           ,-892.270140236842,359,Emergency,2020-01-31,Aspirin    ,Abnormal    ,Female ,O+     ,Emergency,Abnormal    
Ashley Ramsey       ,53,Male  ,AB+,Cancer      ,2019-05-30,James Smith        ,Barker-Mitchell               ,Blue Cross      ,-135.7190734771532,235,Elective ,2019-06-09,Penicillin ,Inconclusive,Male   ,AB+    ,Elective ,Inconclusive
Ashley Warner       ,60,Male  ,A+ ,Hypertension,2021-12-21,Andrea Bentley     ,"And Wagner, Lee Klein         ",Aetna           ,-306.3649251412676,426,Elective ,2022-01-11,Ibuprofen  ,Normal      ,Male   ,A+     ,Elective ,Normal      
Betty Moore Md      ,84,Female,A+ ,Obesity     ,2022-10-13,Crystal Baker      ,Aguilar Inc                   ,Blue Cross      ,-529.9630057657419,409,Urgent   ,2022-10-26,Aspirin    ,Inconclusive,Female ,A+     ,Urgent   ,Inconclusive
Brandon Davis       ,45,Male  ,B+ ,Obesity     ,2022-03-26,Kathleen Perry     ,Llc Williams                  ,Medicare        ,-444.0393670462154,166,Urgent   ,2022-04-21,Penicillin ,Abnormal    ,Male   ,B+     ,Urgent   ,Abnormal    
Brandon Hall        ,27,Male  ,B+ ,Hypertension,2020-01-29,Cindy Smith        ,Sons And Evans                ,Aetna           ,-155.0820201519948,368,Urgent   ,2020-02-01,Aspirin    ,Abnormal    ,Male   ,B+     ,Urgent   ,Abnormal    
Brenda Parrish      ,59,Male  ,B+ ,Diabetes    ,2024-04-14,Sherry Brown       ,"And Dennis, Mcguire Johnston  ",Unitedhealthcare,-90.07890133274668,221,Emergency,2024-04-22,Penicillin ,Abnormal    ,Male   ,B+     ,Emergency,Abnormal    
Brian Jones         ,85,Male  ,A+ ,Arthritis   ,2020-03-25,Bonnie Smith       ,"Lawrence And Cooper Saunders, ",Aetna           ,-1129.997175862368,480,Elective ,2020-04-01,Ibuprofen  ,Normal      ,Male   ,A+     ,Elective ,Normal      
Brian Young         ,85,Male  ,O- ,Cancer      ,2021-04-13,Dr. Jenna Caldwell ,Hampton Llc                   ,Cigna           ,-147.07219896999095,133,Emergency,2021-04-20,Aspirin    ,Abnormal    ,Male   ,O-     ,Emergency,Abnormal    
Bryan Rios          ,85,Female,A- ,Cancer      ,2022-04-10,Timothy Marshall   ,Miller Plc                    ,Cigna           ,-311.75562525645955,471,Urgent   ,2022-04-11,Paracetamol,Abnormal    ,Female ,A-     ,Urgent   ,Abnormal    
Carol Anderson      ,39,Female,B- ,Hypertension,2020-04-03,Dr. Patrick Hines  ,"Carter Carter, And Patterson  ",Blue Cross      ,-370.9836738546819,203,Elective ,2020-04-10,Ibuprofen  ,Abnormal    ,Female ,B-     ,Elective ,Abnormal    
Charles Phillips    ,20,Female,A- ,Asthma      ,2021-02-14,Jose Martinez      ,"Brady Ward, Wallace And       ",Medicare        ,-824.2258772924683,399,Elective ,2021-03-11,Lipitor    ,Abnormal    ,Female ,A-     ,Elective ,Abnormal    
Christopher Hamilton,43,Male  ,O- ,Asthma      ,2023-01-09,Pamela Obrien      ,Brock Group                   ,Medicare        ,-214.6054205789669,398,Elective ,2023-01-25,Ibuprofen  ,Inconclusive,Male   ,O-     ,Elective ,Inconclusive
Craig Salazar       ,19,Female,O+ ,Diabetes    ,2022-01-18,Heidi Williams     ,Group Miller                  ,Unitedhealthcare,-37.267748481867784,409,Elective ,2022-01-26,Aspirin    ,Abnormal    ,Female ,O+     ,Elective ,Abnormal    
Daniel David        ,32,Male  ,O+ ,Obesity     ,2022-05-25,Elizabeth Smith    ,"Estes And Garza, Carroll      ",Aetna           ,-36.217270349314276,167,Emergency,2022-06-22,Penicillin ,Inconclusive,Male   ,O+     ,Emergency,Inconclusive
Daniel Drake        ,67,Female,B+ ,Hypertension,2020-04-24,Brett Ray          ,Carr Ltd                      ,Aetna           ,-591.9174186712132,426,Elective ,2020-04-26,Lipitor    ,Abnormal    ,Female ,B+     ,Elective ,Abnormal    
Donna Proctor       ,32,Female,O+ ,Obesity     ,2023-11-28,Ronald Mcdonald    ,Jones Plc                     ,Aetna           ,-786.6247164899378,435,Elective ,2023-12-28,Paracetamol,Abnormal    ,Female ,O+     ,Elective ,Abnormal    
Dr. Michael Mckay   ,67,Male  ,O+ ,Cancer      ,2019-05-31,Dawn Navarro       ,"Mcconnell And Rios, Clark     ",Unitedhealthcare,-199.66379451099874,122,Urgent   ,2019-06-12,Ibuprofen  ,Abnormal    ,Male   ,O+     ,Urgent   ,Abnormal    
Elaine Tran         ,32,Female,O- ,Arthritis   ,2022-09-15,Alicia Thompson    ,Ramirez-Thompson              ,Unitedhealthcare,-75.8194506949635,482,Elective ,2022-10-12,Lipitor    ,Abnormal    ,Female ,O-     ,Elective ,Abnormal    
Elizabeth Flores    ,57,Female,A- ,Diabetes    ,2023-06-26,Christina Roberts  ,"Vincent Bailey And Williams,  ",Cigna           ,-860.6179870790852,219,Urgent   ,2023-07-09,Lipitor    ,Normal      ,Female ,A-     ,Urgent   ,Normal      
Elizabeth Thompson  ,54,Female,A- ,Cancer      ,2023-12-11,Jessica Mills Dds  ,"Fitzpatrick, Nielsen And Mcdon",Aetna           ,-887.0242189947885,402,Elective ,2023-12-13,Ibuprofen  ,Normal      ,Female ,A-     ,Elective ,Normal      
Emma Savage         ,57,Male  ,AB+,Hypertension,2021-09-05,Maria Johnson      ,Armstrong Llc                 ,Blue Cross      ,-1660.0093727229796,193,Elective ,2021-10-02,Penicillin ,Normal      ,Male   ,AB+    ,Elective ,Normal      
Erica Woods         ,57,Male  ,B- ,Cancer      ,2022-10-08,Nathan Gutierrez   ,Llc Carpenter                 ,Cigna           ,-1049.0123411221978,146,Urgent   ,2022-10-14,Lipitor    ,Normal      ,Male   ,B-     ,Urgent   ,Normal      
Heather Bryant      ,50,Female,A+ ,Asthma      ,2021-02-26,Morgan Scott       ,Scott Group                   ,Unitedhealthcare,-233.93072820003022,289,Emergency,2021-03-07,Penicillin ,Inconclusive,Female ,A+     ,Emergency,Inconclusive
Heather Rios        ,81,Female,A- ,Asthma      ,2021-08-19,Morgan Jackson     ,"Jones, Edwards Jacobs And     ",Blue Cross      ,-378.7468149956592,249,Urgent   ,2021-08-23,Lipitor    ,Abnormal    ,Female ,A-     ,Urgent   ,Abnormal    
Holly Rodriguez     ,43,Male  ,O+ ,Obesity     ,2020-05-11,Brett Johnson      ,Morales-Pacheco               ,Medicare        ,-164.29738731308544,191,Emergency,2020-05-28,Penicillin ,Abnormal    ,Male   ,O+     ,Emergency,Abnormal    
James Byrd          ,79,Male  ,O+ ,Diabetes    ,2023-12-25,Adam Pitts         ,Ayers-Smith                   ,Cigna           ,-483.708893501303,446,Urgent   ,2023-12-29,Penicillin ,Abnormal    ,Male   ,O+     ,Urgent   ,Abnormal    
Jason Owen          ,57,Female,B+ ,Hypertension,2020-01-27,Matthew Clark      ,Crawford Group                ,Blue Cross      ,-100.60360590173491,354,Elective ,2020-02-16,Paracetamol,Inconclusive,Female ,B+     ,Elective ,Inconclusive
Jay Galloway        ,74,Female,O+ ,Asthma      ,2021-01-20,Debra Everett      ,Group Peters                  ,Blue Cross      ,-109.09712199628302,381,Emergency,2021-02-09,Ibuprofen  ,Abnormal    ,Female ,O+     ,Emergency,Abnormal    
Jennifer Cruz       ,19,Female,A+ ,Hypertension,2021-06-09,Samantha Lloyd     ,Ruiz And Sons                 ,Blue Cross      ,-124.75643301614309,207,Urgent   ,2021-06-28,Aspirin    ,Normal      ,Female ,A+     ,Urgent   ,Normal      
Jillian Shepherd    ,84,Female,O- ,Diabetes    ,2019-12-28,George King        ,Jones Group                   ,Unitedhealthcare,-279.8424051402844,142,Emergency,2020-01-07,Penicillin ,Inconclusive,Female ,O-     ,Emergency,Inconclusive
John Ferrell        ,58,Female,O- ,Hypertension,2019-05-20,Randy Calderon     ,Inc Spencer                   ,Medicare        ,-308.584268826939,394,Emergency,2019-05-27,Paracetamol,Inconclusive,Female ,O-     ,Emergency,Inconclusive
John Hahn           ,80,Male  ,O- ,Asthma      ,2024-02-24,Mark Hines         ,Ltd Wilson                    ,Cigna           ,-1520.4205546121461,403,Elective ,2024-03-14,Lipitor    ,Abnormal    ,Male   ,O-     ,Elective ,Abnormal    
John Harris         ,50,Male  ,A- ,Asthma      ,2019-11-27,Robert Moreno      ,Weiss-Mills                   ,Medicare        ,-82.76582343731843,434,Urgent   ,2019-12-14,Penicillin ,Inconclusive,Male   ,A-     ,Urgent   ,Inconclusive
Johnathan Smith     ,18,Female,A- ,Arthritis   ,2020-11-24,Sara Watson        ,Williams Ltd                  ,Cigna           ,-85.47570763538783,349,Urgent   ,2020-12-03,Paracetamol,Normal      ,Female ,A-     ,Urgent   ,Normal      
Joseph Martinez     ,66,Male  ,B- ,Asthma      ,2021-01-05,David Flores       ,"King And French Ramirez,      ",Unitedhealthcare,-32.34872934198097,415,Urgent   ,2021-01-20,Aspirin    ,Normal      ,Male   ,B-     ,Urgent   ,Normal      
Joseph Robbins      ,71,Male  ,O- ,Hypertension,2024-02-10,Stacey Davenport   ,Vaughn Plc                    ,Unitedhealthcare,-1428.843941366914,205,Urgent   ,2024-02-29,Ibuprofen  ,Abnormal    ,Male   ,O-     ,Urgent   ,Abnormal    
Joseph Stevens      ,75,Female,O+ ,Obesity     ,2023-01-30,John Watson        ,Schneider And Sons            ,Cigna           ,-967.5947058534571,476,Elective ,2023-02-13,Ibuprofen  ,Normal      ,Female ,O+     ,Elective ,Normal      
Joshua Williamson   ,72,Female,B- ,Diabetes    ,2021-03-21,Wendy Ramos        ,"And Huff Reeves, Dennis       ",Blue Cross      ,-576.7279068246007,369,Urgent   ,2021-04-17,Aspirin    ,Abnormal    ,Female ,B-     ,Urgent   ,Abnormal    
Juan Osborne        ,20,Female,AB+,Diabetes    ,2021-04-28,Joe Lawson         ,Garcia-Erickson               ,Blue Cross      ,-317.63292074791275,324,Emergency,2021-05-20,Ibuprofen  ,Inconclusive,Female ,AB+    ,Emergency,Inconclusive
Julie Christian     ,28,Female,AB+,Diabetes    ,2019-06-30,Kathryn Ray        ,Group Mcconnell               ,Cigna           ,-367.20395907245006,387,Urgent   ,2019-07-09,Lipitor    ,Normal      ,Female ,AB+    ,Urgent   ,Normal      
Krista Conley       ,21,Female,O+ ,Diabetes    ,2021-01-03,Elizabeth Anderson ,Ltd Mcneil                    ,Aetna           ,-289.8016205506276,340,Urgent   ,2021-01-14,Lipitor    ,Inconclusive,Female ,O+     ,Urgent   ,Inconclusive
Lisa Clark          ,77,Female,O- ,Cancer      ,2023-03-06,Andrea Craig       ,Walters Plc                   ,Aetna           ,-556.1150841881085,309,Urgent   ,2023-03-11,Ibuprofen  ,Abnormal    ,Female ,O-     ,Urgent   ,Abnormal    
Lisa Kelley         ,29,Female,O- ,Cancer      ,2019-12-30,David Clarke       ,Phillips Ltd                  ,Unitedhealthcare,-872.2311128810588,115,Elective ,2020-01-03,Penicillin ,Inconclusive,Female ,O-     ,Elective ,Inconclusive
Lisa Robinson       ,29,Female,B- ,Arthritis   ,2022-12-29,Nancy Thompson     ,Chandler Plc                  ,Cigna           ,-26.112523116277544,198,Emergency,2023-01-12,Penicillin ,Normal      ,Female ,B-     ,Emergency,Normal      
Lucas Sullivan      ,31,Female,A- ,Obesity     ,2022-04-05,Brenda Burke       ,Sons And Harris               ,Unitedhealthcare,-211.72384541426095,496,Emergency,2022-04-11,Aspirin    ,Abnormal    ,Female ,A-     ,Emergency,Abnormal    
Madeline Thomas     ,32,Female,O- ,Arthritis   ,2022-02-08,Carmen Mann        ,Moore Plc                     ,Aetna           ,-964.798619193306,122,Urgent   ,2022-02-25,Paracetamol,Normal      ,Female ,O-     ,Urgent   ,Normal      
Madison Thomas      ,71,Female,AB+,Obesity     ,2019-05-24,Mrs. Christina Will,"Logan Caldwell, And Chavez    ",Aetna           ,-557.0147000817205,173,Urgent   ,2019-06-20,Paracetamol,Abnormal    ,Female ,AB+    ,Urgent   ,Abnormal    
Marissa Rodriguez   ,27,Male  ,B+ ,Arthritis   ,2022-08-20,Denise Jacobs      ,"Kim And Ellis, Bennett        ",Cigna           ,-600.5007539360529,241,Elective ,2022-09-11,Paracetamol,Inconclusive,Male   ,B+     ,Elective ,Inconclusive
Mark Stone          ,33,Male  ,A+ ,Diabetes    ,2022-10-10,Stephanie Garcia   ,Cole-Parks                    ,Cigna           ,-53.83208587117724,457,Urgent   ,2022-10-23,Aspirin    ,Inconclusive,Male   ,A+     ,Urgent   ,Inconclusive
Matthew Green       ,39,Male  ,O- ,Obesity     ,2022-12-20,Rita Mccarty       ,"Rogers Watts, Taylor And      ",Aetna           ,-1015.6978557309635,208,Elective ,2023-01-16,Paracetamol,Inconclusive,Male   ,O-     ,Elective ,Inconclusive
Matthew Simmons     ,47,Female,A- ,Cancer      ,2023-06-03,Jacob Russo        ,Smith Group                   ,Aetna           ,-68.31962076111336,288,Emergency,2023-06-20,Ibuprofen  ,Normal      ,Female ,A-     ,Emergency,Normal      
Melissa Diaz        ,82,Male  ,A- ,Hypertension,2019-06-06,Stephen Levy       ,Hill-Salinas                  ,Aetna           ,-23.866729145456247,453,Emergency,2019-07-06,Ibuprofen  ,Abnormal    ,Male   ,A-     ,Emergency,Abnormal    
Michael Castaneda   ,85,Female,A+ ,Diabetes    ,2023-02-14,Amber Ochoa        ,"Huber, Rodriguez Chapman And  ",Medicare        ,-224.63241737585076,179,Emergency,2023-03-09,Penicillin ,Inconclusive,Female ,A+     ,Emergency,Inconclusive
Michael Matthews    ,76,Male  ,A- ,Obesity     ,2019-07-16,Sierra Quinn       ,Hall Plc                      ,Blue Cross      ,-271.7164063852456,345,Elective ,2019-08-15,Aspirin    ,Inconclusive,Male   ,A-     ,Elective ,Inconclusive
Mitchell Maldonado  ,41,Female,A+ ,Asthma      ,2022-06-22,Melissa Woods      ,Richardson-Bennett            ,Medicare        ,-378.9607841101273,414,Urgent   ,2022-06-30,Lipitor    ,Inconclusive,Female ,A+     ,Urgent   ,Inconclusive
Mr. Christopher Alva,77,Male  ,AB+,Obesity     ,2022-06-03,Mr. Dean Guzman Dds,Johnson Inc                   ,Blue Cross      ,-1310.2728947084124,257,Elective ,2022-06-13,Paracetamol,Inconclusive,Male   ,AB+    ,Elective ,Inconclusive
Mrs. Andrea Davis Ph,25,Female,A+ ,Hypertension,2024-03-26,Brian Alvarado     ,"Poole, Poole Mendoza And      ",Aetna           ,-492.17838655912806,372,Emergency,2024-04-22,Aspirin    ,Inconclusive,Female ,A+     ,Emergency,Inconclusive
Mrs. Michelle Clark ,31,Female,A- ,Asthma      ,2019-08-23,Denise Gilbert     ,Bruce Group                   ,Cigna           ,-952.8311939470034,136,Urgent   ,2019-09-14,Penicillin ,Normal      ,Female ,A-     ,Urgent   ,Normal      
Nicole Hurst Dvm    ,43,Female,AB+,Obesity     ,2021-04-19,Leah Russell       ,Warner-Watts                  ,Unitedhealthcare,-211.28373744143323,213,Urgent   ,2021-04-23,Paracetamol,Inconclusive,Female ,AB+    ,Urgent   ,Inconclusive
Patrick Perry       ,44,Male  ,B- ,Hypertension,2022-03-26,Miss Sandra Brooks ,Foster-Clements               ,Unitedhealthcare,-75.62019400102645,340,Urgent   ,2022-03-29,Aspirin    ,Inconclusive,Male   ,B-     ,Urgent   ,Inconclusive
Rebecca Cline       ,39,Female,B+ ,Asthma      ,2020-05-07,Rebecca Miller     ,"Stout Dougherty, And Washingto",Cigna           ,-656.1530718064635,195,Emergency,2020-05-17,Ibuprofen  ,Abnormal    ,Female ,B+     ,Emergency,Abnormal    
Ricardo Reynolds    ,49,Female,O- ,Obesity     ,2019-11-20,Deborah Cox        ,"Wyatt Murphy, And Gonzales    ",Aetna           ,-124.64903599266586,222,Emergency,2019-12-20,Lipitor    ,Normal      ,Female ,O-     ,Emergency,Normal      
Ryan Potter         ,53,Male  ,A+ ,Diabetes    ,2022-02-04,Stephen Jensen     ,Thomas Sons And               ,Medicare        ,-614.9455855134909,223,Urgent   ,2022-03-01,Penicillin ,Abnormal    ,Male   ,A+     ,Urgent   ,Abnormal    
Scott Vazquez       ,74,Male  ,B+ ,Diabetes    ,2023-04-12,Edward Yates       ,James Ltd                     ,Medicare        ,-135.9860004856837,445,Elective ,2023-05-03,Ibuprofen  ,Abnormal    ,Male   ,B+     ,Elective ,Abnormal    
Stephen Chan        ,71,Male  ,A+ ,Cancer      ,2024-03-05,Allen Mcgrath      ,Jones-Smith                   ,Cigna           ,-599.2653585070751,119,Urgent   ,2024-03-12,Penicillin ,Abnormal    ,Male   ,A+     ,Urgent   ,Abnormal    
Susan Ellis         ,28,Male  ,O+ ,Hypertension,2019-12-05,Rebecca Valentine  ,Anderson-Ball                 ,Unitedhealthcare,-130.86753440565735,451,Elective ,2020-01-02,Lipitor    ,Inconclusive,Male   ,O+     ,Elective ,Inconclusive
Susan Ellison       ,60,Female,B- ,Asthma      ,2022-08-28,Vincent Cox        ,Johnson-Todd                  ,Medicare        ,-416.91482437649233,365,Urgent   ,2022-09-08,Aspirin    ,Abnormal    ,Female ,B-     ,Urgent   ,Abnormal    
Susan Solis         ,40,Female,A+ ,Cancer      ,2020-04-26,Frances Rosales    ,Ltd Williams                  ,Cigna           ,-226.38112001165996,132,Emergency,2020-04-29,Lipitor    ,Inconclusive,Female ,A+     ,Emergency,Inconclusive
Terry Wilson        ,39,Male  ,O- ,Diabetes    ,2024-02-19,Diana Smith        ,"Medina And Elliott Stewart,   ",Aetna           ,-1316.6185812949816,491,Emergency,2024-03-20,Paracetamol,Inconclusive,Male   ,O-     ,Emergency,Inconclusive
Thomas Pratt        ,57,Female,A+ ,Obesity     ,2021-03-27,Eduardo Hall       ,"And Wade, Huffman Arnold      ",Medicare        ,-228.5468538037403,496,Emergency,2021-04-22,Paracetamol,Inconclusive,Female ,A+     ,Emergency,Inconclusive
Valerie Allen       ,82,Female,B- ,Diabetes    ,2021-02-05,Judy Massey        ,"Hebert, Brown Kim And         ",Medicare        ,-227.99506358307838,118,Urgent   ,2021-02-25,Aspirin    ,Inconclusive,Female ,B-     ,Urgent   ,Inconclusive
Veronica Kelley     ,20,Male  ,O- ,Cancer      ,2021-07-12,Amanda Ramirez     ,Roberts-King                  ,Medicare        ,-808.4650571113668,221,Emergency,2021-07-28,Paracetamol,Inconclusive,Male   ,O-     ,Emergency,Inconclusive
Walter French       ,78,Female,A- ,Asthma      ,2023-08-05,Jeanette Rodriguez ,Lyons-Casey                   ,Unitedhealthcare,-136.1646876472164,347,Emergency,2023-08-30,Aspirin    ,Abnormal    ,Female ,A-     ,Emergency,Abnormal    
Wanda Chase         ,60,Male  ,O- ,Hypertension,2021-03-26,Justin Gibbs       ,"Jimenez And Ross Mason,       ",Medicare        ,-820.1633512597364,357,Emergency,2021-04-12,Lipitor    ,Inconclusive,Male   ,O-     ,Emergency,Inconclusive
William Garcia      ,51,Female,B- ,Obesity     ,2020-03-26,Natalie Medina     ,"And Wright, Pham Nguyen       ",Medicare        ,-855.8042837272465,437,Emergency,2020-03-29,Lipitor    ,Normal      ,Female ,B-     ,Emergency,Normal      
